entry_date,entry_price,exit_date,exit_price,shares,pnl
2015-02-18,209.6600,2015-03-11,205.2900,45,-205.9868
2015-04-23,210.1500,2015-06-09,208.4500,44,-84.0091
2015-07-20,212.7500,2015-07-28,207.7900,43,-222.3219
2015-10-08,198.9500,2015-11-16,202.3200,45,142.6219
2015-12-02,210.6200,2015-12-14,202.0700,43,-376.5223
2016-02-23,194.0000,2016-05-20,204.9200,45,482.4242
2016-05-31,210.5600,2016-06-20,208.8200,43,-83.8363
2016-07-01,209.4800,2016-09-12,212.3900,43,116.0600
2016-11-10,217.3000,2017-03-22,233.7700,42,682.2676
2017-04-26,238.5100,2017-05-18,235.7300,41,-123.7019
2017-05-26,241.5400,2017-08-11,244.0200,40,89.4892
2017-09-01,247.9200,2018-02-05,273.4500,39,985.5038
2018-02-27,278.1100,2018-03-23,264.1700,38,-540.0223
2018-05-14,273.3400,2018-06-26,271.6400,37,-72.9815
2018-07-11,277.1500,2018-10-11,277.0800,36,-12.4964
2018-12-04,278.3700,2018-12-10,263.3700,36,-549.7513
2019-01-09,257.5600,2019-05-08,287.5300,37,1098.8059
2019-06-10,289.3700,2019-08-02,293.8500,37,154.9708
2019-09-06,298.1700,2019-10-02,291.5000,36,-250.7345
2019-10-18,298.6900,2020-01-28,325.0600,35,912.0342
2020-02-06,333.9100,2020-02-25,323.9400,34,-350.1635
2020-03-05,304.9800,2020-03-10,284.6400,35,-722.2182
2020-04-09,277.5800,2020-06-12,308.2400,38,1153.9496
2020-07-16,319.7900,2020-09-04,346.1300,36,936.2533
2020-10-09,345.5600,2020-10-29,326.9100,36,-683.5042
2020-11-06,349.9300,2021-02-01,373.7200,33,773.1301
2021-02-09,389.6100,2021-03-05,380.4600,32,-305.1209
2021-03-18,394.4800,2021-05-13,407.0700,30,365.6766
2021-06-11,424.2000,2021-06-21,416.8000,29,-226.7952
2021-06-29,427.8800,2021-07-20,425.6800,29,-76.1770
2021-07-26,439.3100,2021-09-15,444.6200,28,136.3049
2021-10-20,451.1300,2021-11-29,464.0700,27,337.0249
2021-12-28,477.7200,2022-01-19,458.1300,26,-521.5060
2022-02-03,450.9500,2022-02-23,432.6600,26,-487.0272
2022-03-23,446.9100,2022-04-25,423.6700,26,-615.5573
2022-07-22,398.9200,2022-08-29,402.2000,28,80.6243
2022-10-26,381.6200,2022-12-19,383.4700,29,42.5564
2023-01-24,398.8800,2023-03-02,392.6800,28,-184.6822
2023-04-03,408.8500,2023-08-16,442.4600,27,895.9769
2023-08-31,451.6500,2023-09-22,432.4500,26,-510.6928
2023-11-03,433.1400,2024-04-15,515.1300,26,2119.4122
2024-05-07,517.5600,2024-07-22,553.0000,26,907.5228
2024-08-16,551.4200,2024-11-01,571.3200,26,502.8050
2024-11-07,593.0800,2024-12-19,591.3600,25,-57.8063
2025-01-22,605.9200,2025-02-26,595.9300,24,-254.1820
2025-04-30,547.5700,2025-08-04,625.6700,26,2015.3472
2025-08-13,644.9100,2025-10-13,660.6500,25,377.1818
2025-10-28,687.0500,2025-11-19,660.7800,24,-646.6530
2025-12-11,685.1400,2026-01-21,679.6500,23,-141.9649
2026-04-09,674.8400,2026-06-08,743.3600,23,1559.6497
2026-08-05,775.8500,2026-09-17,763.1500,22,-296.3279
